Gene_name,AH_seq,AH_localization,Group
KDSR,GLFRTIALFYLGSFDSIV,Golgi/ER/NE,1
TMEM214,CASHLAWFGDSLTSLSQRLQ,Golgi/Vesicles/PM,1
mboat7,LADTLRYWAS,Golgi/ER?,1
vma21,LASTLKTLL,Golgi/ER/NE,1
EMC7,VSEFMTRLFS,Golgi/ER/NE?,1
Sun2,LRSAVSRAGSLLWMVATSPGRLFRLL,ER/NE,1
TMX4,LTMSGMAGLFSISGKIWHLHNYFTVT,ER/NE,1
Emc1,FLKRLSSQLILLQAWTSHLWKMFY,ER/NE,1
Fitm2,TLVRAAVRRYL,ER/NE,1
mboat7,SLRPLLRRA,NE,1
SGPP1,MSLRQRLAQLVGRLQ,Mitochondria/NE/PM,2
WFS1,WRSTVHGAVKFAFDFFFF,Mitochondria/ER,2
SCAI,RGLWEKCQEYLRKINRDIAQLLTH,Mitochondria/ER/NE/Vesicles,2
Rnf170,IMERIMDLPTLLRHAFREVFSV,Mitochondria/ER/NE,2
PEDS1,FWRRLEDLIQGLT,Mitochondria/NE,2
Lemd3,FWCRFRRAFITVTHR,Mitochondria/ER/NE/Vesicles,2
CPT1C,VLQEIYLSGLRSWKRHLSRFWND,Mitochondria/ER/NE,2
ESYT2,FICQFIEKLFRETIEPAVR,Mitochondria/NE,2
TMEM260,QADILGALKHLRKELQSLRNRK,Mitochondria,3
NDUFB5,HPISRWIARNFY,Mitochondria,3
WFS1,FFIGDWMRCLY,Mitochondria,3
TMEM245,FKSSLTRLGRHWLQRLHR,Mitochondria,3
TMEM126A,NILSYWIRTSKPVFRKMLFPILL,Mitochondria,3
NEMP1,IQLVFKNLQEIWRC,Mitochondria,3
NEMP1,EHPIQWLYITCRKVCKG,Mitochondria,3
Ggcx,EWPRKLVSYCPRRLQQLL,Mitochondria,3
Tor1aip2,SFLWQRGRKFLQK,Mitochondria,3
TMEM192,NRGYNLIYRSTRHLKRL,Mitochondria,3
DAD1,SASVVSVISRFLEEYLSS,Mitochondria,3
fam210a,LYQRFKKTFR,Mitochondria/PM,3
cybc1,RSDVEAIAKLITSFL,Mitochondria,3
tmem160,WWARAARLARLRFRRSL,Mitochondria/PM,3
TMEM109,DVLTQIGRSVRGTLDAWI,Mitochondria,3
AGPAT4,KQLFRKINCRLSYCISSQLVMLLEWW,Mitochondria,3
apmap,LDFLSERPWIKRMIFKL,Mitochondria,3
TMEM68,LWDGARKTVATLWDGHAAVWH,Mitochondria,3
KDSR,SFDSIVRRCMMQREKSENADKT,No organelle,4
TMEM214,KSLQETIQSLKLTNQELLR,No organelle,4
CCDC51,LGRALGHSIQQRATSTAKTWWDRY,No organelle,4
Atl2,REIGTVIDQIAETLWEQVLKPLGD,No organelle,4
Atl2,NLMEENIRQSVTNSIKAGLTDQVSHH,No organelle,4
Lmf1,LKDRVLQMQRDIR,No organelle,4
ARL6IP6,RRWPVQVLSIL,No organelle,4
TOR1AIP1,LKEVEEKVRDFLKVKFT,No organelle,4
PIGS,KIFLETRKSWRK,No organelle,4
Tmem199,GERLVRALG,No organelle,4
RHBDD1,GPLKKIMEAC,No organelle,4
nrm,ERVKAWTSRYFGVL,No organelle,4
fam210a,VPFLELIGLPDSVVSILKN,No organelle,4
Tmtc3,DNEAEIWMKKAIKL,No organelle,4
marchf5,VYVLDLADRLIS,No organelle,4
AGPAT4,LAGLLKSQFL,No organelle,4
ccdc47,KNKNSRLAQAWFNTHRELLE,No organelle,4
GPAA1,VRRRALARLVLRL,No organelle (+Nucleoli),4
Emc1,KRLAQVKLLNRAWR,No organelle (+Nucleoli),4
Lemd2,DVYRNKLRRLRGEARLRD,No organelle (+Nucleoli),4
Stim2,IKKKRSTVFGTLHV,No organelle (+Nucleoli),4
ABHD12,RCAADAGMKRALGRRKGVWLRLR,No organelle (+Nucleoli),4
Lemd3,RKKMKKVWDRAVDFLAAN,No organelle (+Nucleoli),4