Gene_name,AH_seq,AH_localization,Group,phil_A,phob_A,phil_G,phob_G,phil_V,phob_V,phil_L,phob_L,phil_I,phob_I,phil_F,phob_F,phil_W,phob_W,phil_M,phob_M,phil_Y,phob_Y,phil_C,phob_C,phil_S,phob_S,phil_T,phob_T,phil_R,phob_R,phil_K,phob_K,phil_N,phob_N,phil_Q,phob_Q,phil_D,phob_D,phil_E,phob_E,phil_H,phob_H,phil_P,phob_P,Length,Hydrophobicity,H_moment,Netcharge,Dfactor
KDSR,GLFRTIALFYLGSFDSIV,Golgi/ER/NE,1,0.0,0.11,0.22,0.0,0.11,0.0,0.22,0.11,0.0,0.22,0.0,0.33,0.0,0.0,0.0,0.0,0.0,0.11,0.0,0.0,0.11,0.11,0.11,0.0,0.11,0.0,0.0,0.0,0.0,0.0,0.0,0.0,0.11,0.0,0.0,0.0,0.0,0.0,0.0,0.0,18.0,0.831,0.3637031032557817,0.0,0.343
TMEM214,CASHLAWFGDSLTSLSQRLQ,Golgi/Vesicles/PM,1,0.2,0.0,0.0,0.1,0.0,0.0,0.0,0.4,0.0,0.0,0.0,0.1,0.1,0.0,0.0,0.0,0.0,0.0,0.0,0.1,0.2,0.2,0.1,0.0,0.1,0.0,0.0,0.0,0.0,0.0,0.2,0.0,0.1,0.0,0.0,0.0,0.0,0.1,0.0,0.0,20.0,0.55,0.4447841131396514,0.0,0.42
mboat7,LADTLRYWAS,Golgi/ER?,1,0.2,0.2,0.0,0.0,0.0,0.0,0.0,0.4,0.0,0.0,0.0,0.0,0.0,0.2,0.0,0.0,0.2,0.0,0.0,0.0,0.2,0.0,0.0,0.2,0.2,0.0,0.0,0.0,0.0,0.0,0.0,0.0,0.2,0.0,0.0,0.0,0.0,0.0,0.0,0.0,10.0,0.567,0.632433894862728,0.0,0.597
vma21,LASTLKTLL,Golgi/ER/NE,1,0.0,0.33,0.0,0.0,0.0,0.0,0.0,1.33,0.0,0.0,0.0,0.0,0.0,0.0,0.0,0.0,0.0,0.0,0.0,0.0,0.33,0.0,0.33,0.33,0.0,0.0,0.33,0.0,0.0,0.0,0.0,0.0,0.0,0.0,0.0,0.0,0.0,0.0,0.0,0.0,9.0,0.733,0.645849810197174,1.0,0.94
EMC7,VSEFMTRLFS,Golgi/ER/NE?,1,0.0,0.0,0.0,0.0,0.0,0.25,0.0,0.25,0.0,0.0,0.0,0.5,0.0,0.0,0.0,0.25,0.0,0.0,0.0,0.0,0.25,0.25,0.25,0.0,0.25,0.0,0.0,0.0,0.0,0.0,0.0,0.0,0.0,0.0,0.25,0.0,0.0,0.0,0.0,0.0,10.0,0.626,0.6143528938713448,0.0,0.58
Sun2,LRSAVSRAGSLLWMVATSPGRLFRLL,ER/NE,1,0.0,0.23,0.15,0.0,0.0,0.15,0.08,0.38,0.0,0.0,0.0,0.08,0.08,0.0,0.08,0.0,0.0,0.0,0.0,0.0,0.23,0.08,0.08,0.0,0.31,0.0,0.0,0.0,0.0,0.0,0.0,0.0,0.0,0.0,0.0,0.0,0.0,0.0,0.0,0.08,26.0,0.601,0.39709081855686174,4.0,1.695
TMX4,LTMSGMAGLFSISGKIWHLHNYFTVT,ER/NE,1,0.08,0.0,0.15,0.08,0.08,0.0,0.0,0.23,0.0,0.15,0.08,0.08,0.0,0.08,0.08,0.08,0.08,0.0,0.0,0.0,0.15,0.08,0.08,0.15,0.0,0.0,0.08,0.0,0.08,0.0,0.0,0.0,0.0,0.0,0.0,0.0,0.08,0.08,0.0,0.0,26.0,0.723,0.20452531343167174,1.0,0.523
Emc1,FLKRLSSQLILLQAWTSHLWKMFY,ER/NE,1,0.08,0.0,0.0,0.0,0.0,0.0,0.08,0.42,0.08,0.0,0.0,0.17,0.0,0.17,0.08,0.0,0.08,0.0,0.0,0.0,0.25,0.0,0.0,0.08,0.08,0.0,0.17,0.0,0.0,0.0,0.0,0.17,0.0,0.0,0.0,0.0,0.08,0.0,0.0,0.0,24.0,0.809,0.4434415930313395,3.0,1.409
Fitm2,TLVRAAVRRYL,ER/NE,1,0.17,0.17,0.0,0.0,0.0,0.33,0.17,0.17,0.0,0.0,0.0,0.0,0.0,0.0,0.0,0.0,0.0,0.17,0.0,0.0,0.0,0.0,0.17,0.0,0.5,0.0,0.0,0.0,0.0,0.0,0.0,0.0,0.0,0.0,0.0,0.0,0.0,0.0,0.0,0.0,11.0,0.423,0.3793944867820402,3.0,1.348
mboat7,SLRPLLRRA,NE,1,0.0,0.25,0.0,0.0,0.0,0.0,0.0,0.75,0.0,0.0,0.0,0.0,0.0,0.0,0.0,0.0,0.0,0.0,0.0,0.0,0.0,0.25,0.0,0.0,0.75,0.0,0.0,0.0,0.0,0.0,0.0,0.0,0.0,0.0,0.0,0.0,0.0,0.0,0.25,0.0,9.0,0.34,0.5711344618657546,3.0,1.529
SGPP1,MSLRQRLAQLVGRLQ,Mitochondria/NE/PM,2,0.12,0.0,0.12,0.0,0.0,0.12,0.0,0.5,0.0,0.0,0.0,0.0,0.0,0.0,0.12,0.0,0.0,0.0,0.0,0.0,0.12,0.0,0.0,0.0,0.25,0.12,0.0,0.0,0.0,0.0,0.25,0.12,0.0,0.0,0.0,0.0,0.0,0.0,0.0,0.0,15.0,0.389,0.41997272648704775,3.0,1.386
WFS1,WRSTVHGAVKFAFDFFFF,Mitochondria/ER,2,0.0,0.22,0.11,0.0,0.0,0.22,0.0,0.0,0.0,0.0,0.33,0.33,0.0,0.11,0.0,0.0,0.0,0.0,0.0,0.0,0.11,0.0,0.0,0.11,0.11,0.0,0.11,0.0,0.0,0.0,0.0,0.0,0.11,0.0,0.0,0.0,0.11,0.0,0.0,0.0,18.0,0.757,0.30586617765921287,1.0,0.619
SCAI,RGLWEKCQEYLRKINRDIAQLLTH,Mitochondria/ER/NE/Vesicles,2,0.08,0.0,0.08,0.0,0.0,0.0,0.0,0.31,0.0,0.15,0.0,0.0,0.0,0.08,0.0,0.0,0.0,0.08,0.0,0.08,0.0,0.0,0.08,0.0,0.23,0.0,0.15,0.0,0.0,0.08,0.15,0.0,0.0,0.08,0.15,0.0,0.08,0.0,0.0,0.0,24.0,0.323,0.6308410406257299,2.0,1.256
Rnf170,IMERIMDLPTLLRHAFREVFSV,Mitochondria/ER/NE,2,0.0,0.1,0.0,0.0,0.0,0.2,0.1,0.2,0.0,0.2,0.0,0.2,0.0,0.0,0.1,0.1,0.0,0.0,0.0,0.0,0.1,0.0,0.1,0.0,0.2,0.1,0.0,0.0,0.0,0.0,0.0,0.0,0.1,0.0,0.2,0.0,0.1,0.0,0.0,0.1,22.0,0.613,0.5161269601213732,0.0,0.487
PEDS1,FWRRLEDLIQGLT,Mitochondria/NE,2,0.0,0.0,0.17,0.0,0.0,0.0,0.0,0.5,0.0,0.17,0.0,0.17,0.0,0.17,0.0,0.0,0.0,0.0,0.0,0.0,0.0,0.0,0.0,0.17,0.33,0.0,0.0,0.0,0.0,0.0,0.17,0.0,0.17,0.0,0.17,0.0,0.0,0.0,0.0,0.0,13.0,0.581,0.7845991380828778,0.0,0.741
Lemd3,FWCRFRRAFITVTHR,Mitochondria/ER/NE/Vesicles,2,0.12,0.0,0.0,0.0,0.0,0.12,0.0,0.0,0.12,0.0,0.0,0.38,0.0,0.12,0.0,0.0,0.0,0.0,0.12,0.0,0.0,0.0,0.12,0.12,0.38,0.12,0.0,0.0,0.0,0.0,0.0,0.0,0.0,0.0,0.0,0.0,0.12,0.0,0.0,0.0,15.0,0.607,0.44255670276275344,4.0,1.738
CPT1C,VLQEIYLSGLRSWKRHLSRFWND,Mitochondria/ER/NE,2,0.0,0.0,0.0,0.08,0.08,0.0,0.08,0.25,0.08,0.0,0.0,0.08,0.0,0.17,0.0,0.0,0.0,0.08,0.0,0.0,0.25,0.0,0.0,0.0,0.25,0.0,0.0,0.08,0.08,0.0,0.0,0.08,0.08,0.0,0.08,0.0,0.0,0.08,0.0,0.0,23.0,0.471,0.5203040812103944,2.0,1.151
ESYT2,FICQFIEKLFRETIEPAVR,Mitochondria/NE,2,0.0,0.1,0.0,0.0,0.1,0.0,0.0,0.1,0.0,0.3,0.2,0.1,0.0,0.0,0.0,0.0,0.0,0.0,0.0,0.1,0.0,0.0,0.0,0.1,0.2,0.0,0.1,0.0,0.0,0.0,0.1,0.0,0.0,0.0,0.3,0.0,0.0,0.0,0.0,0.1,19.0,0.598,0.4546350418386472,0.0,0.429
TMEM260,QADILGALKHLRKELQSLRNRK,Mitochondria,3,0.09,0.09,0.09,0.0,0.0,0.0,0.09,0.36,0.0,0.09,0.0,0.0,0.0,0.0,0.0,0.0,0.0,0.0,0.0,0.0,0.09,0.0,0.0,0.0,0.09,0.18,0.18,0.09,0.09,0.0,0.09,0.09,0.09,0.0,0.0,0.09,0.09,0.0,0.0,0.0,22.0,0.116,0.36388681493050323,4.0,1.664
NDUFB5,HPISRWIARNFY,Mitochondria,3,0.17,0.0,0.0,0.0,0.0,0.0,0.0,0.0,0.0,0.33,0.0,0.17,0.0,0.17,0.0,0.0,0.17,0.0,0.0,0.0,0.0,0.17,0.0,0.0,0.33,0.0,0.0,0.0,0.0,0.17,0.0,0.0,0.0,0.0,0.0,0.0,0.17,0.0,0.17,0.0,12.0,0.592,0.373811842849819,2.0,1.013
WFS1,FFIGDWMRCLY,Mitochondria,3,0.0,0.0,0.2,0.0,0.0,0.0,0.0,0.2,0.0,0.2,0.2,0.2,0.0,0.2,0.0,0.2,0.2,0.0,0.0,0.2,0.0,0.0,0.0,0.0,0.2,0.0,0.0,0.0,0.0,0.0,0.0,0.0,0.2,0.0,0.0,0.0,0.0,0.0,0.0,0.0,11.0,1.025,0.5181474125721869,0.0,0.489
TMEM245,FKSSLTRLGRHWLQRLHR,Mitochondria,3,0.0,0.0,0.0,0.11,0.0,0.0,0.0,0.44,0.0,0.0,0.0,0.11,0.0,0.11,0.0,0.0,0.0,0.0,0.0,0.0,0.22,0.0,0.11,0.0,0.33,0.11,0.0,0.11,0.0,0.0,0.11,0.0,0.0,0.0,0.0,0.0,0.22,0.0,0.0,0.0,18.0,0.335,0.5472635634987176,5.0,2.167
TMEM126A,NILSYWIRTSKPVFRKMLFPILL,Mitochondria,3,0.0,0.0,0.0,0.0,0.0,0.08,0.25,0.08,0.0,0.25,0.08,0.08,0.0,0.08,0.0,0.08,0.08,0.0,0.0,0.0,0.08,0.08,0.0,0.08,0.17,0.0,0.17,0.0,0.08,0.0,0.0,0.0,0.0,0.0,0.0,0.0,0.0,0.0,0.08,0.08,23.0,0.803,0.32822551489491547,4.0,1.63
NEMP1,IQLVFKNLQEIWRC,Mitochondria,3,0.0,0.0,0.0,0.0,0.0,0.14,0.14,0.14,0.0,0.29,0.0,0.14,0.0,0.14,0.0,0.0,0.0,0.0,0.14,0.0,0.0,0.0,0.0,0.0,0.14,0.0,0.14,0.0,0.0,0.14,0.29,0.0,0.0,0.0,0.14,0.0,0.0,0.0,0.0,0.0,14.0,0.723,0.6078897579106425,1.0,0.904
NEMP1,EHPIQWLYITCRKVCKG,Mitochondria,3,0.0,0.0,0.0,0.11,0.0,0.11,0.0,0.11,0.11,0.11,0.0,0.0,0.11,0.0,0.0,0.0,0.11,0.0,0.0,0.22,0.0,0.0,0.0,0.11,0.11,0.0,0.22,0.0,0.0,0.0,0.11,0.0,0.0,0.0,0.11,0.0,0.11,0.0,0.0,0.11,17.0,0.592,0.37280621403737635,2.0,1.012
Ggcx,EWPRKLVSYCPRRLQQLL,Mitochondria,3,0.0,0.0,0.0,0.0,0.0,0.11,0.0,0.44,0.0,0.0,0.0,0.0,0.0,0.11,0.0,0.0,0.11,0.0,0.0,0.11,0.11,0.0,0.0,0.0,0.22,0.11,0.11,0.0,0.0,0.0,0.22,0.0,0.0,0.0,0.11,0.0,0.0,0.0,0.11,0.11,18.0,0.504,0.5628899626698752,3.0,1.521
Tor1aip2,SFLWQRGRKFLQK,Mitochondria,3,0.0,0.0,0.0,0.12,0.0,0.0,0.0,0.25,0.0,0.0,0.12,0.12,0.0,0.12,0.0,0.0,0.0,0.0,0.0,0.0,0.12,0.0,0.0,0.0,0.25,0.0,0.25,0.0,0.0,0.0,0.25,0.0,0.0,0.0,0.0,0.0,0.0,0.0,0.0,0.0,13.0,0.365,0.4175439498646662,4.0,1.714
TMEM192,NRGYNLIYRSTRHLKRL,Mitochondria,3,0.0,0.0,0.0,0.11,0.0,0.0,0.0,0.33,0.0,0.11,0.0,0.0,0.0,0.0,0.0,0.0,0.11,0.11,0.0,0.0,0.0,0.11,0.0,0.11,0.44,0.0,0.11,0.0,0.22,0.0,0.0,0.0,0.0,0.0,0.0,0.0,0.11,0.0,0.0,0.0,17.0,0.173,0.5130068070238236,5.0,2.134
DAD1,SASVVSVISRFLEEYLSS,Mitochondria,3,0.11,0.0,0.0,0.0,0.11,0.22,0.0,0.22,0.0,0.11,0.0,0.11,0.0,0.0,0.0,0.0,0.0,0.11,0.0,0.0,0.44,0.22,0.0,0.0,0.11,0.0,0.0,0.0,0.0,0.0,0.0,0.0,0.0,0.0,0.22,0.0,0.0,0.0,0.0,0.0,18.0,0.522,0.45740878963216247,-1.0,0.102
fam210a,LYQRFKKTFR,Mitochondria/PM,3,0.0,0.0,0.0,0.0,0.0,0.0,0.0,0.2,0.0,0.0,0.0,0.4,0.0,0.0,0.0,0.0,0.0,0.2,0.0,0.0,0.0,0.0,0.0,0.2,0.4,0.0,0.4,0.0,0.0,0.0,0.2,0.0,0.0,0.0,0.0,0.0,0.0,0.0,0.0,0.0,10.0,0.228,0.7337574369411513,4.0,2.013
cybc1,RSDVEAIAKLITSFL,Mitochondria,3,0.14,0.14,0.0,0.0,0.0,0.14,0.0,0.29,0.0,0.29,0.0,0.14,0.0,0.0,0.0,0.0,0.0,0.0,0.0,0.0,0.29,0.0,0.14,0.0,0.14,0.0,0.14,0.0,0.0,0.0,0.0,0.0,0.0,0.14,0.14,0.0,0.0,0.0,0.0,0.0,15.0,0.493,0.5336722493237918,0.0,0.504
tmem160,WWARAARLARLRFRRSL,Mitochondria/PM,3,0.12,0.38,0.0,0.0,0.0,0.0,0.25,0.12,0.0,0.0,0.0,0.12,0.0,0.25,0.0,0.0,0.0,0.0,0.0,0.0,0.0,0.12,0.0,0.0,0.62,0.12,0.0,0.0,0.0,0.0,0.0,0.0,0.0,0.0,0.0,0.0,0.0,0.0,0.0,0.0,17.0,0.384,0.3212806666009569,6.0,2.283
TMEM109,DVLTQIGRSVRGTLDAWI,Mitochondria,3,0.11,0.0,0.11,0.11,0.0,0.22,0.0,0.22,0.0,0.22,0.0,0.0,0.0,0.11,0.0,0.0,0.0,0.0,0.0,0.0,0.11,0.0,0.11,0.11,0.22,0.0,0.0,0.0,0.0,0.0,0.11,0.0,0.22,0.0,0.0,0.0,0.0,0.0,0.0,0.0,18.0,0.483,0.5979082605279066,0.0,0.564
AGPAT4,KQLFRKINCRLSYCISSQLVMLLEWW,Mitochondria,3,0.0,0.0,0.0,0.0,0.08,0.0,0.08,0.33,0.0,0.17,0.0,0.08,0.0,0.17,0.0,0.08,0.08,0.0,0.08,0.08,0.25,0.0,0.0,0.0,0.17,0.0,0.08,0.08,0.0,0.08,0.08,0.08,0.0,0.0,0.08,0.0,0.0,0.0,0.0,0.0,26.0,0.734,0.35708901190899617,3.0,1.327
apmap,LDFLSERPWIKRMIFKL,Mitochondria,3,0.0,0.0,0.0,0.0,0.0,0.0,0.22,0.11,0.0,0.22,0.11,0.11,0.11,0.0,0.0,0.11,0.0,0.0,0.0,0.0,0.11,0.0,0.0,0.0,0.11,0.11,0.11,0.11,0.0,0.0,0.0,0.0,0.11,0.0,0.0,0.11,0.0,0.0,0.11,0.0,17.0,0.649,0.17177506073108387,2.0,0.822
TMEM68,LWDGARKTVATLWDGHAAVWH,Mitochondria,3,0.3,0.1,0.2,0.0,0.0,0.2,0.0,0.2,0.0,0.0,0.0,0.0,0.0,0.3,0.0,0.0,0.0,0.0,0.0,0.0,0.0,0.0,0.1,0.1,0.0,0.1,0.1,0.0,0.0,0.0,0.0,0.0,0.2,0.0,0.0,0.0,0.1,0.1,0.0,0.0,21.0,0.527,0.4893773274097895,0.0,0.462
KDSR,SFDSIVRRCMMQREKSENADKT,No organelle,4,0.0,0.09,0.0,0.0,0.0,0.09,0.0,0.0,0.0,0.09,0.0,0.09,0.0,0.0,0.18,0.0,0.0,0.0,0.0,0.09,0.09,0.18,0.09,0.0,0.18,0.09,0.18,0.0,0.09,0.0,0.0,0.09,0.09,0.09,0.09,0.09,0.0,0.0,0.0,0.0,22.0,0.028,0.2555345318791566,1.0,0.571
TMEM214,KSLQETIQSLKLTNQELLR,No organelle,4,0.0,0.0,0.0,0.0,0.0,0.0,0.1,0.4,0.0,0.1,0.0,0.0,0.0,0.0,0.0,0.0,0.0,0.0,0.0,0.0,0.2,0.0,0.0,0.2,0.1,0.0,0.1,0.1,0.0,0.1,0.3,0.0,0.0,0.0,0.2,0.0,0.0,0.0,0.0,0.0,19.0,0.274,0.41994154458494853,1.0,0.726
CCDC51,LGRALGHSIQQRATSTAKTWWDRY,No organelle,4,0.08,0.17,0.0,0.17,0.0,0.0,0.08,0.08,0.0,0.08,0.0,0.0,0.08,0.08,0.0,0.0,0.0,0.08,0.0,0.0,0.17,0.0,0.17,0.08,0.08,0.17,0.08,0.0,0.0,0.0,0.08,0.08,0.08,0.0,0.0,0.0,0.08,0.0,0.0,0.0,24.0,0.3,0.26262737007501386,3.0,1.238
Atl2,REIGTVIDQIAETLWEQVLKPLGD,No organelle,4,0.0,0.08,0.08,0.08,0.08,0.08,0.08,0.15,0.0,0.23,0.0,0.0,0.0,0.08,0.0,0.0,0.0,0.0,0.0,0.0,0.0,0.0,0.15,0.0,0.08,0.0,0.08,0.0,0.0,0.0,0.08,0.08,0.15,0.0,0.23,0.0,0.0,0.0,0.0,0.08,24.0,0.452,0.4483825157426458,-3.0,-0.567
Atl2,NLMEENIRQSVTNSIKAGLTDQVSHH,No organelle,4,0.08,0.0,0.0,0.08,0.08,0.08,0.08,0.08,0.0,0.17,0.0,0.0,0.0,0.0,0.0,0.08,0.0,0.0,0.0,0.0,0.17,0.08,0.17,0.0,0.0,0.08,0.08,0.0,0.17,0.08,0.08,0.08,0.0,0.08,0.08,0.08,0.0,0.17,0.0,0.0,26.0,0.206,0.10216960375791967,-1.0,-0.234
Lmf1,LKDRVLQMQRDIR,No organelle,4,0.0,0.0,0.0,0.0,0.0,0.17,0.17,0.17,0.0,0.17,0.0,0.0,0.0,0.0,0.0,0.17,0.0,0.0,0.0,0.0,0.0,0.0,0.0,0.0,0.33,0.17,0.0,0.17,0.0,0.0,0.17,0.17,0.33,0.0,0.0,0.0,0.0,0.0,0.0,0.0,13.0,0.127,0.4904802549012406,2.0,1.123
ARL6IP6,RRWPVQVLSIL,No organelle,4,0.0,0.0,0.0,0.0,0.17,0.17,0.17,0.17,0.0,0.17,0.0,0.0,0.0,0.17,0.0,0.0,0.0,0.0,0.0,0.0,0.17,0.0,0.0,0.0,0.33,0.0,0.0,0.0,0.0,0.0,0.17,0.0,0.0,0.0,0.0,0.0,0.0,0.0,0.0,0.17,11.0,0.757,0.49805228342045155,2.0,1.13
TOR1AIP1,LKEVEEKVRDFLKVKFT,No organelle,4,0.0,0.0,0.0,0.0,0.11,0.22,0.0,0.22,0.0,0.0,0.0,0.22,0.0,0.0,0.0,0.0,0.0,0.0,0.0,0.0,0.0,0.0,0.11,0.0,0.11,0.0,0.33,0.11,0.0,0.0,0.0,0.0,0.11,0.0,0.22,0.11,0.0,0.0,0.0,0.0,17.0,0.191,0.4502815778533173,1.0,0.755
PIGS,KIFLETRKSWRK,No organelle,4,0.0,0.0,0.0,0.0,0.0,0.0,0.17,0.0,0.0,0.17,0.0,0.17,0.0,0.17,0.0,0.0,0.0,0.0,0.0,0.0,0.0,0.17,0.0,0.17,0.17,0.17,0.5,0.0,0.0,0.0,0.0,0.0,0.0,0.0,0.17,0.0,0.0,0.0,0.0,0.0,12.0,0.177,0.5611313068292065,4.0,1.85
Tmem199,GERLVRALG,No organelle,4,0.2,0.0,0.2,0.2,0.0,0.2,0.0,0.4,0.0,0.0,0.0,0.0,0.0,0.0,0.0,0.0,0.0,0.0,0.0,0.0,0.0,0.0,0.0,0.0,0.4,0.0,0.0,0.0,0.0,0.0,0.0,0.0,0.0,0.0,0.2,0.0,0.0,0.0,0.0,0.0,9.0,0.252,0.6258258241310659,1.0,0.921
RHBDD1,GPLKKIMEAC,No organelle,4,0.2,0.0,0.2,0.0,0.0,0.0,0.0,0.2,0.0,0.2,0.0,0.0,0.0,0.0,0.0,0.2,0.0,0.0,0.0,0.2,0.0,0.0,0.0,0.0,0.0,0.0,0.4,0.0,0.0,0.0,0.0,0.0,0.0,0.0,0.2,0.0,0.0,0.0,0.0,0.2,10.0,0.468,0.7122959444256736,1.0,1.002
nrm,ERVKAWTSRYFGVL,No organelle,4,0.14,0.0,0.14,0.0,0.0,0.29,0.0,0.14,0.0,0.0,0.0,0.14,0.0,0.14,0.0,0.0,0.0,0.14,0.0,0.0,0.14,0.0,0.0,0.14,0.29,0.0,0.14,0.0,0.0,0.0,0.0,0.0,0.0,0.0,0.14,0.0,0.0,0.0,0.0,0.0,14.0,0.43,0.48376496400449515,2.0,1.117
fam210a,VPFLELIGLPDSVVSILKN,No organelle,4,0.0,0.0,0.1,0.0,0.1,0.2,0.1,0.3,0.1,0.1,0.0,0.1,0.0,0.0,0.0,0.0,0.0,0.0,0.0,0.0,0.2,0.0,0.0,0.0,0.0,0.0,0.1,0.0,0.1,0.0,0.0,0.0,0.1,0.0,0.1,0.0,0.0,0.0,0.0,0.2,19.0,0.748,0.35542293777142164,-1.0,0.006
Tmtc3,DNEAEIWMKKAIKL,No organelle,4,0.0,0.29,0.0,0.0,0.0,0.0,0.0,0.14,0.29,0.0,0.0,0.0,0.0,0.14,0.0,0.14,0.0,0.0,0.0,0.0,0.0,0.0,0.0,0.0,0.0,0.0,0.43,0.0,0.14,0.0,0.0,0.0,0.0,0.14,0.14,0.14,0.0,0.0,0.0,0.0,14.0,0.27,0.3484852147019803,0.0,0.329
marchf5,VYVLDLADRLIS,No organelle,4,0.0,0.17,0.0,0.0,0.17,0.17,0.0,0.5,0.0,0.17,0.0,0.0,0.0,0.0,0.0,0.0,0.17,0.0,0.0,0.0,0.17,0.0,0.0,0.0,0.17,0.0,0.0,0.0,0.0,0.0,0.0,0.0,0.33,0.0,0.0,0.0,0.0,0.0,0.0,0.0,12.0,0.668,0.398561447568347,-1.0,0.046
AGPAT4,LAGLLKSQFL,No organelle,4,0.0,0.25,0.25,0.0,0.0,0.0,0.25,0.75,0.0,0.0,0.0,0.25,0.0,0.0,0.0,0.0,0.0,0.0,0.0,0.0,0.25,0.0,0.0,0.0,0.0,0.0,0.25,0.0,0.0,0.0,0.0,0.25,0.0,0.0,0.0,0.0,0.0,0.0,0.0,0.0,10.0,0.765,0.31994437522339075,1.0,0.632
ccdc47,KNKNSRLAQAWFNTHRELLE,No organelle,4,0.1,0.1,0.0,0.0,0.0,0.0,0.0,0.3,0.0,0.0,0.0,0.1,0.0,0.1,0.0,0.0,0.0,0.0,0.0,0.0,0.1,0.0,0.0,0.1,0.2,0.0,0.1,0.1,0.2,0.1,0.1,0.0,0.0,0.0,0.2,0.0,0.0,0.1,0.0,0.0,20.0,0.14,0.4347591408143171,2.0,1.07
GPAA1,VRRRALARLVLRL,No organelle (+Nucleoli),4,0.29,0.0,0.0,0.0,0.14,0.14,0.14,0.43,0.0,0.0,0.0,0.0,0.0,0.0,0.0,0.0,0.0,0.0,0.0,0.0,0.0,0.0,0.0,0.0,0.43,0.29,0.0,0.0,0.0,0.0,0.0,0.0,0.0,0.0,0.0,0.0,0.0,0.0,0.0,0.0,13.0,0.37,0.298044169025063,5.0,1.931
Emc1,KRLAQVKLLNRAWR,No organelle (+Nucleoli),4,0.14,0.14,0.0,0.0,0.0,0.14,0.29,0.14,0.0,0.0,0.0,0.0,0.0,0.14,0.0,0.0,0.0,0.0,0.0,0.0,0.0,0.0,0.0,0.0,0.29,0.14,0.29,0.0,0.0,0.14,0.0,0.14,0.0,0.0,0.0,0.0,0.0,0.0,0.0,0.0,14.0,0.24,0.3205819083018338,5.0,1.953
Lemd2,DVYRNKLRRLRGEARLRD,No organelle (+Nucleoli),4,0.0,0.11,0.11,0.0,0.0,0.11,0.11,0.22,0.0,0.0,0.0,0.0,0.0,0.0,0.0,0.0,0.0,0.11,0.0,0.0,0.0,0.0,0.0,0.0,0.44,0.22,0.0,0.11,0.11,0.0,0.0,0.0,0.22,0.0,0.0,0.11,0.0,0.0,0.0,0.0,18.0,-0.124,0.27204697194346855,4.0,1.577
Stim2,IKKKRSTVFGTLHV,No organelle (+Nucleoli),4,0.0,0.0,0.14,0.0,0.14,0.14,0.0,0.14,0.0,0.14,0.0,0.14,0.0,0.0,0.0,0.0,0.0,0.0,0.0,0.0,0.14,0.0,0.14,0.14,0.0,0.14,0.29,0.14,0.0,0.0,0.0,0.0,0.0,0.0,0.0,0.0,0.14,0.0,0.0,0.0,14.0,0.311,0.26060934077650805,4.0,1.566
ABHD12,RCAADAGMKRALGRRKGVWLRLR,No organelle (+Nucleoli),4,0.18,0.18,0.27,0.0,0.0,0.09,0.09,0.18,0.0,0.0,0.0,0.0,0.0,0.09,0.0,0.09,0.0,0.0,0.09,0.0,0.0,0.0,0.0,0.0,0.27,0.27,0.09,0.09,0.0,0.0,0.0,0.0,0.0,0.09,0.0,0.0,0.0,0.0,0.0,0.0,23.0,0.164,0.16733737516498676,7.0,2.468
Lemd3,RKKMKKVWDRAVDFLAAN,No organelle (+Nucleoli),4,0.22,0.11,0.0,0.0,0.0,0.22,0.0,0.11,0.0,0.0,0.0,0.11,0.0,0.11,0.0,0.11,0.0,0.0,0.0,0.0,0.0,0.0,0.0,0.0,0.11,0.11,0.44,0.0,0.0,0.11,0.0,0.0,0.22,0.0,0.0,0.0,0.0,0.0,0.0,0.0,18.0,0.123,0.4828463151131023,4.0,1.776
